area,perimeter,eccentricity,solidity,extent,convex_area,aspect_ratio,compactness,contrast,type
75301.0,1302.4377336282355,0.8333998741193305,0.9227159102048819,0.5600252863305072,81608.0,1.809396470369382,1.792682306600364,180.87004628926394,leaf
26403.0,769.4284989122459,0.6852169200609346,0.8818637274549098,0.6246717297182199,29940.0,1.3729869342215455,1.7843226833648649,180.87004628926394,leaf
16544.0,620.8721497261419,0.8644829350521489,0.86704051150359,0.5615178359298103,19081.0,1.9894077253628275,1.8541888839034888,180.87004628926394,leaf
9994.0,486.8772003600252,0.9556459967663725,0.9717063684978123,0.699859943977591,10285.0,3.3953806275286222,1.8875117609005077,180.87004628926394,leaf
1719.0,349.9655121145938,0.9972574480287345,0.8586413586413586,0.2374965460071843,2002.0,13.511561496394618,5.669761045913586,180.87004628926394,stem
2151.0,441.2203461105328,0.9979782590338976,0.6647095179233622,0.155060553633218,3236.0,15.734098524546656,7.20212720249106,180.87004628926394,stem
840.0,271.0609665440988,0.998235016768371,0.7400881057268722,0.1059135039717564,1135.0,16.83861725859466,6.960570155913243,180.87004628926394,stem
336.0,118.56854249492379,0.9892347403049379,0.7924528301886793,0.2994652406417112,424.0,6.833524045167839,3.329582814247205,180.87004628926394,stem
